{"cameraMode":{"drawMode":0,"name":"Shaded","section":"Shading Mode"},"sceneLighting":false,"audioPlay":false,"sceneViewState":{"m_AlwaysRefresh":false,"showFog":true,"showSkybox":false,"showFlares":true,"showImageEffects":true,"showParticleSystems":true,"showVisualEffectGraphs":true,"m_FxEnabled":false},"in2DMode":false,"pivot":{"x":3.8095884323120119,"y":6.324548721313477,"z":2.1999282836914064},"rotation":{"x":0.020055333152413369,"y":0.9803677797317505,"z":-0.10179412364959717,"w":0.16779525578022004},"size":4.614659309387207,"orthographic":false}