{"cameraMode":{"drawMode":0,"name":"Shaded","section":"Shading Mode"},"sceneLighting":false,"audioPlay":false,"sceneViewState":{"m_AlwaysRefresh":false,"showFog":true,"showSkybox":false,"showFlares":true,"showImageEffects":true,"showParticleSystems":true,"showVisualEffectGraphs":true,"m_FxEnabled":false},"in2DMode":false,"pivot":{"x":29.040639877319337,"y":2.1844663619995119,"z":-13.749804496765137},"rotation":{"x":-0.0026359818875789644,"y":-0.8354118466377258,"z":-0.015902729704976083,"w":-0.5496932864189148},"size":10.901555061340332,"orthographic":false}