{"cameraMode":{"drawMode":0,"name":"Shaded","section":"Shading Mode"},"sceneLighting":false,"audioPlay":false,"sceneViewState":{"m_AlwaysRefresh":false,"showFog":true,"showSkybox":false,"showFlares":true,"showImageEffects":true,"showParticleSystems":true,"showVisualEffectGraphs":true,"m_FxEnabled":false},"in2DMode":false,"pivot":{"x":10.887283325195313,"y":3.255258560180664,"z":-6.5613884925842289},"rotation":{"x":0.06914844363927841,"y":-0.7676101922988892,"z":0.10139366239309311,"w":0.6292727589607239},"size":10.507925033569336,"orthographic":false}