{"cameraMode":{"drawMode":0,"name":"Shaded","section":"Shading Mode"},"sceneLighting":false,"audioPlay":false,"sceneViewState":{"m_AlwaysRefresh":false,"showFog":true,"showSkybox":false,"showFlares":true,"showImageEffects":true,"showParticleSystems":true,"showVisualEffectGraphs":true,"m_FxEnabled":false},"in2DMode":false,"pivot":{"x":-37.959999084472659,"y":1.4600000381469727,"z":61.5890007019043},"rotation":{"x":0.0014731091214343906,"y":0.9697202444076538,"z":-0.2442203164100647,"w":-0.004719805903732777},"size":0.648232638835907,"orthographic":false}