{"cameraMode":{"drawMode":0,"name":"Shaded","section":"Shading Mode"},"sceneLighting":false,"audioPlay":false,"sceneViewState":{"m_AlwaysRefresh":false,"showFog":true,"showSkybox":false,"showFlares":true,"showImageEffects":true,"showParticleSystems":true,"showVisualEffectGraphs":true,"m_FxEnabled":false},"in2DMode":false,"pivot":{"x":16.432708740234376,"y":-0.009620808996260167,"z":-5.22686767578125},"rotation":{"x":0.23910348117351533,"y":0.7122503519058228,"z":-0.17453178763389588,"w":0.6364686489105225},"size":2.9555046558380129,"orthographic":false}