{"cameraMode":{"drawMode":0,"name":"Shaded","section":"Shading Mode"},"sceneLighting":false,"audioPlay":false,"sceneViewState":{"m_AlwaysRefresh":false,"showFog":true,"showSkybox":false,"showFlares":true,"showImageEffects":true,"showParticleSystems":true,"showVisualEffectGraphs":true,"m_FxEnabled":false},"in2DMode":false,"pivot":{"x":51.44041442871094,"y":-1.4429999589920045,"z":25.958370208740236},"rotation":{"x":0.05753587931394577,"y":0.5011585354804993,"z":-0.02813282236456871,"w":0.8631108403205872},"size":24.107501983642579,"orthographic":false}