{"cameraMode":{"drawMode":0,"name":"Shaded","section":"Shading Mode"},"sceneLighting":false,"audioPlay":false,"sceneViewState":{"m_AlwaysRefresh":false,"showFog":true,"showSkybox":false,"showFlares":true,"showImageEffects":true,"showParticleSystems":true,"showVisualEffectGraphs":true,"m_FxEnabled":false},"in2DMode":false,"pivot":{"x":15.624017715454102,"y":1.7119295597076417,"z":-15.517038345336914},"rotation":{"x":0.12917351722717286,"y":-0.513215959072113,"z":0.15029893815517426,"w":0.8350770473480225},"size":1.9946683645248414,"orthographic":false}